{"2022h1": {"ics": [0.00966104120016098, 0.00966104120016098, 0.048010729253292084, 0.048010729253292084, 0.08067326247692108, 0.08089104294776917, 0.07841967046260834, 0.08571240305900574, 0.08741240948438644, 0.07495251297950745, 0.08258292078971863, 0.08260633051395416, 0.08278338611125946, 0.08285363018512726, 0.08290721476078033, 0.08130745589733124, 0.08149536699056625, 0.08134160935878754, 0.08129889518022537, 0.0840604156255722, 0.08425592631101608], "rics": [-0.001650733407586813, -0.001650733407586813, 0.04896444454789162, 0.04896444454789162, 0.07780677080154419, 0.0781262069940567, 0.07635504007339478, 0.08067645132541656, 0.0859813466668129, 0.07759520411491394, 0.08397366851568222, 0.08502546697854996, 0.08509477972984314, 0.08496338874101639, 0.0847865417599678, 0.08266789466142654, 0.08274106681346893, 0.08281341195106506, 0.08304836601018906, 0.08569540083408356, 0.0857854038476944]}, "2022h2": {"ics": [0.00352375086854897, 0.00352375086854897, 0.040161613790580065, 0.040161613790580065, 0.0785231157398421, 0.07877374264942713, 0.07542111964757778, 0.08449996730759124, 0.0860583703687861, 0.07719919784379399, 0.08948768863131192, 0.08945156683113949, 0.0894669532960604, 0.08954089187270353, 0.08952849108941299, 0.08942995109587662, 0.08962773343871448, 0.08969504561675481, 0.08964159813794223, 0.09492054122908056, 0.09498385029021374], "rics": [-0.017406796049403626, -0.017406796049403626, 0.042627577585252846, 0.042627577585252846, 0.07810398970137943, 0.07842674324950896, 0.07551539119733267, 0.08698622334348269, 0.09227704493836923, 0.08210980953756443, 0.09297547076851868, 0.0933433628895066, 0.09318266205551211, 0.09324652938680215, 0.09305330344344959, 0.09191622800570874, 0.09214159827833333, 0.09234213496535278, 0.09236819568005475, 0.09759863466024399, 0.09761748385946613]}, "2023h1": {"ics": [-0.019907335021869383, -0.019907335021869383, 0.004578429429481427, 0.004578429429481427, 0.023418203079038195, 0.023832217169304688, 0.021702833680642977, 0.027907080410255327, 0.030354307405650614, 0.018914973135623667, 0.03097642765690883, 0.030995305627584457, 0.03091365353514751, 0.03088998275084628, 0.03093052843792571, 0.03126848050289684, 0.03142029967986875, 0.031607463314301434, 0.031557751322786015, 0.035117209930386806, 0.0350112883374095], "rics": [-0.03402096938419466, -0.03402096938419466, 0.008272521891113785, 0.008272521891113785, 0.027602264512744216, 0.028039277613990835, 0.025796518702473906, 0.034442501763502754, 0.04030134667538934, 0.025826335118876564, 0.037203840042154, 0.03748897396855884, 0.037259485282831725, 0.037265974345306555, 0.03722382458961672, 0.036627236753702164, 0.03681688424613741, 0.03700424908763832, 0.036965969784392254, 0.04090411497486962, 0.04081379123446014]}}